announced_date,total_test,negative,positive,deceased,recovered,note,country
2020-01-02,0,,,,,,mm
2020-02-02,0,00,,,,,mm
2020-03-02,1,01,,,,,mm
2020-04-02,0,00,,,,,mm
2020-05-02,4,04,,,,,mm
2020-06-02,0,00,,,,,mm
2020-07-02,2,02,,,,,mm
2020-08-02,0,00,,,,,mm
2020-09-02,0,00,,,,,mm
2020-10-02,1,01,,,,,mm
2020-11-02,6,06,,,,,mm
2020-02-13,0,00,,,,,mm
2020-02-14,13,13,,,,,mm
2020-02-15,0,00,,,,,mm
2020-02-16,2,02,,,,,mm
2020-02-17,0,00,,,,,mm
2020-02-18,0,00,,,,,mm
2020-02-19,0,00,,,,,mm
2020-02-20,0,00,,,,,mm
2020-02-21,0,00,,,,,mm
2020-02-22,1,01,,,,,mm
2020-02-23,0,00,,,,,mm
2020-02-24,0,00,,,,,mm
2020-02-25,1,01,,,,,mm
2020-02-26,0,00,,,,,mm
2020-02-27,2,02,,,,,mm
2020-02-28,2,02,,,,,mm
2020-02-29,1,01,,,,,mm
2020-01-03,0,00,,,,,mm
2020-02-03,0,00,,,,,mm
2020-03-03,4,04,,,,,mm
2020-04-03,5,05,,,,,mm
2020-05-03,2,02,,,,,mm
2020-06-03,4,04,,,,,mm
2020-07-03,13,13,,,,,mm
2020-08-03,6,06,,,,,mm
2020-09-03,7,07,,,,,mm
2020-10-03,3,03,,,,,mm
2020-11-03,6,06,,,,,mm
2020-12-03,5,05,,,,,mm
2020-03-13,12,12,,,,,mm
2020-03-14,9,09,,,,,mm
2020-03-15,5,05,,,,,mm
2020-03-16,7,07,,,,,mm
2020-03-17,5,05,,,,,mm
2020-03-18,8,08,,,,,mm
2020-03-19,13,13,,,,,mm
2020-03-20,17,17,,,,,mm
2020-03-21,11,11,,,,,mm
2020-03-22,10,10,00,0,0,,mm
2020-03-23,14,12,02,0,0,,mm
2020-03-24,2,02,00,0,0,,mm
2020-03-25,41,40,01,0,0,,mm
2020-03-26,48,46,02,0,0,,mm
2020-03-27,62,59,03,0,0,,mm
2020-03-28,44,44,00,0,0,,mm
2020-03-29,82,80,02,0,0,,mm
2020-03-30,55,51,04,0,0,,mm
2020-03-31,67,66,01,1,0,,mm
2020-01-04,56,55,01,0,0,,mm
2020-02-04,62,58,04,0,1,,mm
2020-03-04,55,55,00,0,0,,mm
2020-04-04,84,83,01,0,0,,mm
2020-05-04,55,55,00,0,0,,mm
2020-06-04,46,45,01,0,0,,mm
2020-07-04,32,32,00,0,1,,mm
2020-08-04,33,33,00,2,0,,mm
2020-09-04,92,91,01,0,0,,mm
2020-10-04,44,39,05,0,0,,mm
2020-10-04,78,78,00,0,0,,mm
2020-11-04,223,220,03,0,0,,mm
2020-12-04,285,275,10,1,0,,mm
2020-04-13,81,81,00,0,0,,mm
2020-04-13,93,93,00,0,0,,mm
2020-04-14,136,114,22,0,0,,mm
2020-04-14,381,381,00,0,0,,mm
2020-04-15,400,389,11,0,0,,mm
2020-04-16,113,102,11,0,0,,mm
2020-04-16,269,269,00,0,0,,mm
2020-04-17,378,369,09,0,3,,mm
2020-04-18,272,259,13,1,0,,mm
2020-04-19,369,365,04,0,2,,mm
2020-04-20,427,419,08,0,2,,mm
2020-04-21,279,277,02,0,0,,mm
2020-04-22,252,246,06,0,0,,mm
2020-04-23,265,253,12,0,0,,mm
2020-04-24,350,345,05,0,0,,mm
2020-04-25,426,424,02,0,1,,mm
2020-04-26,347,347,00,0,0,,mm
2020-04-27,345,345,00,0,6,,mm
2020-04-28,413,409,04,0,11,,mm
2020-04-29,294,294,00,1,1,,mm
2020-04-30,237,236,01,0,3,,mm
2020-01-05,196,196,00,0,6,,mm
2020-02-05,378,378,00,0,0,,mm
2020-03-05,252,248,04,0,6,,mm
2020-04-05,271,265,06,0,6,,mm
2020-05-05,655,655,00,0,0,,mm
2020-06-05,406,405,01,0,1,,mm
2020-07-05,247,233,14,0,12,,mm
2020-08-05,582,581,01,0,5,,mm
2020-09-05,453,452,01,0,1,,mm
2020-10-05,284,282,02,0,4,,mm
2020-11-05,353,353,00,0,2,,mm
2020-12-05,275,275,00,0,2,,mm
2020-05-13,440,439,01,0,3,,mm
2020-05-14,523,523,00,0,5,,mm
2020-05-15,694,693,01,0,5,,mm
2020-05-16,417,417,00,0,7,,mm
2020-05-17,576,571,05,0,2,,mm
2020-05-18,597,593,04,0,4,,mm
2020-05-19,718,716,02,0,3,,mm
2020-05-20,722,716,06,0,4,,mm
2020-05-21,627,627,00,0,0,,mm
2020-05-22,740,738,02,0,7,,mm
2020-05-23,781,781,00,0,4,,mm
2020-05-24,914,914,00,0,2,,mm
2020-05-25,777,775,02,0,1,,mm
2020-05-26,1312,1309,03,0,1,,mm
2020-05-27,1343,1343,00,0,2,,mm
2020-05-28,1211,1211,00,0,0,,mm
2020-05-29,1214,1196,18,0,4,,mm
2020-05-30,1338,1338,00,0,0,,mm
2020-05-31,1560,1556,04,0,8,,mm
2020-01-06,1246,1246,00,0,0,,mm
2020-02-06,1862,1857,05,0,5,,mm
2020-03-06,1905,1904,01,0,2,,mm
2020-04-06,1936,1934,02,0,3,,mm
2020-05-06,1872,1872,00,0,3,,mm
2020-06-06,1934,1930,04,0,5,,mm
2020-07-06,2097,2094,03,0,0,,mm
2020-08-06,1556,1555,01,0,3,,mm
2020-09-06,2054,2052,02,0,0,,mm
2020-10-06,1613,1610,03,0,6,,mm
2020-11-06,2196,2184,12,0,0,,mm
2020-12-06,1804,1804,00,0,0,,mm
2020-06-13,2047,2047,00,0,2,,mm
2020-06-14,1994,1993,01,0,0,,mm
2020-06-15,2091,2091,00,0,8,,mm
2020-06-16,2363,2363,00,0,4,,mm
2020-06-17,2096,2095,01,0,6,,mm
2020-06-18,2422,2399,23,0,2,,mm
2020-06-19,2152,2152,00,0,5,,mm
2020-06-20,2242,2241,01,0,4,,mm
2020-06-21,1570,1567,03,0,4,,mm
2020-06-22,1789,1788,01,0,0,,mm
2020-06-23,1997,1996,01,0,4,,mm
2020-06-24,2330,2329,01,0,4,,mm
2020-06-25,2018,2018,00,0,3,,mm
2020-06-26,1722,1722,00,0,4,,mm
2020-06-27,1965,1962,03,0,1,,mm
2020-06-28,1767,1764,03,0,2,,mm
2020-06-29,1741,1741,00,0,3,,mm
2020-06-30,1708,1708,00,0,1,,mm
2020-01-07,1340,1335,05,0,0,,mm
2020-02-07,1753,1753,00,0,1,,mm
2020-03-07,1555,1553,02,0,14,,mm
2020-04-07,1816,1809,07,0,3,,mm
2020-05-07,958,958,00,0,1,,mm
2020-06-07,1654,1651,03,0,4,,mm
2020-07-07,1459,1459,00,0,0,,mm
2020-08-07,1688,1686,02,0,5,,mm
2020-09-07,1829,1826,03,0,4,,mm
2020-10-07,1816,1811,05,0,2,,mm
2020-11-07,1895,1891,04,0,4,,mm
2020-12-07,1099,1098,01,0,1,,mm
2020-07-13,1143,1138,05,0,0,,mm
2020-07-14,1736,1735,01,0,0,,mm
2020-07-15,1429,1429,00,0,5,,mm
2020-07-16,1874,1872,02,0,4,,mm
2020-07-17,1724,1724,00,0,1,,mm
2020-07-18,2066,2064,02,0,2,,mm
2020-07-19,1419,1419,00,0,3,,mm
2020-07-20,1215,1215,00,0,2,,mm
2020-07-21,785,785,00,0,2,,mm
2020-07-22,1147,1145,02,0,0,,mm
2020-07-23,1276,1276,00,0,2,,mm
2020-07-24,1471,1468,3,0,4,,mm
2020-07-25,1431,1428,03,0,2,,mm
2020-07-26,1121,1120,01,0,2,,mm
2020-07-27,1183,1183,00,0,2,,mm
2020-07-28,1184,1183,01,0,1,,mm
2020-07-29,2217,2215,02,0,1,,mm
2020-07-30,847,847,00,0,1,,mm
2020-07-31,881,881,00,0,1,,mm
2020-01-08,915,915,00,0,1,,mm
2020-02-08,1232,1232,00,0,1,,mm
2020-03-08,1314,1312,02,0,4,,mm
2020-04-08,748,747,01,0,0,,mm
2020-05-08,1562,1561,01,0,3,,mm
2020-06-08,1308,1306,02,0,3,,mm
2020-07-08,1335,1335,00,0,1,,mm
2020-08-08,1291,1291,00,0,2,,mm
2020-09-08,1063,1062,01,0,1,,mm
2020-10-08,1167,1167,00,0,0,,mm
2020-11-08,1145,1145,00,0,1,,mm
2020-12-08,2021,2020,01,0,5,,mm
2020-08-13,1908,1900,08,0,3,,mm
2020-08-14,1908,1903,05,0,1,,mm
2020-08-15,1610,1610,00,0,2,,mm
2020-08-16,973,972,01,0,5,,mm
2020-08-17,1714,1713,01,0,2,,mm
2020-08-18,1993,1990,03,0,0,,mm
2020-08-19,1664,1647,17,0,2,,mm
2020-08-20,1611,1598,13,0,0,,mm
2020-08-21,1609,1583,26,0,4,,mm
2020-08-22,1290,1281,09,0,1,,mm
2020-08-23,1092,1073,19,0,3,,mm
2020-08-24,1786,1775,11,0,0,,mm
2020-08-25,2300,2200,100,0,0,,mm
2020-08-26,2296,2284,12,0,4,,mm
2020-08-27,1976,1934,42,0,4,,mm
2020-08-28,2535,2507,28,0,0,,mm
2020-08-29,2054,1961,93,0,2,,mm
2020-08-30,2425,2387,38,0,1,,mm
2020-08-31,2152,2052,100,0,2,,mm
2020-01-09,2441,2390,51,0,3,,mm
2020-02-09,2552,2432,120,0,2,,mm
2020-03-09,2594,2519,75,1,0,,mm
2020-04-09,3175,3092,83,0,0,,mm
2020-05-09,3165,3062,103,0,12,,mm
2020-06-09,3007,2862,145,1,14,,mm
2020-07-09,2697,2551,146,2,3,,mm
2020-08-09,3317,3120,197,1,72,,mm
2020-09-09,3415,3214,201,2,93,,mm
2020-10-09,3417,3160,257,1,72,,mm
2020-11-09,4109,3929,180,4,0,,mm
2020-12-09,4120,3769,351,5,51,,mm
2020-09-13,3635,3416,219,7,23,,mm
2020-09-14,4458,4174,284,13,91,,mm
2020-09-15,4597,4260,337,7,42,,mm
2020-09-16,4555,4296,259,11,76,,mm
2020-09-17,5284,4880,404,10,36,,mm
2020-09-18,5252,4930,322,17,186,,mm
2020-09-19,5298,4656,642,12,58,,mm
2020-09-20,4892,4350,542,10,72,,mm
2020-09-21,5436,4771,665,15,185,,mm
2020-09-22,5582,5094,488,17,506,,mm
2020-09-23,5872,5003,869,19,134,,mm
2020-09-24,4725,4038,687,25,296,,mm
2020-09-25,3360,2763,597,21,136,,mm
2020-09-26,5816,4936,880,14,164,,mm
2020-09-27,5272,4529,743,5,181,,mm
2020-09-28,5597,4701,896,30,211,,mm
2020-09-29,5962,5165,797,28,318,,mm
2020-09-30,6262,5316,946,26,364,,mm
2020-01-10,5352,4342,1010,11,401,,mm
2020-02-10,6895,5753,1142,32,222,,mm
2020-03-10,8195,7220,975,18,417,,mm
2020-04-10,8107,6813,1294,41,400,,mm
2020-05-10,8285,7298,987,32,353,,mm
2020-06-10,10074,8822,1252,27,234,,mm
2020-07-10,12322,10922,1400,39,302,,mm
2020-08-10,12268,11256,1012,25,282,,mm
2020-09-10,15301,13840,1461,31,372,,mm
2020-10-10,16312,14154,2158,32,312,,mm
2020-11-10,14809,12903,1906,48,2692,,mm
2020-12-10,14707,13363,1344,18,518,,mm
2020-10-13,13258,12135,1123,29,1509,,mm
2020-10-14,9656,8768,888,39,2097,,mm
2020-10-15,12975,11950,1025,33,840,,mm
2020-10-16,13510,12372,1138,34,771,,mm
2020-10-17,19736,18349,1387,39,893,,mm
2020-10-18,12307,11157,1150,42,706,,mm
2020-10-19,19103,17932,1171,34,492,,mm
2020-10-20,15329,14023,1306,31,579,,mm
2020-10-21,14362,13168,1194,27,718,,mm
2020-10-22,13774,12466,1308,33,2279,,mm
2020-10-23,13699,12338,1361,33,1310,Total recovered numbers mismatched with MOHS. Extra 9 patients are already recovered according to mohs dashboard.,mm
2020-10-24,14230,12807,1423,28,1254,,mm
2020-10-25,11692,10706,986,29,1212,,mm
2020-10-26,12400,10974,1426,27,1087,,mm
2020-10-27,15798,14332,1466,25,1366,,mm
2020-10-28,14206,12800,1406,25,1263,,mm
2020-10-29,14252,12921,1331,27,1371,,mm
2020-10-30,13490,12397,1093,20,1323,,mm
2020-10-31,12170,10960,1210,18,1444,,mm
2020-01-11,8108,7409,699,21,3745,,mm
2020-02-11,12226,11024,1202,24,1435,,mm
2020-03-11,13642,12445,1197,25,1109,,mm
2020-04-11,14955,13819,1136,23,1715,,mm
2020-05-11,13860,12865,995,22,1400,,mm
2020-06-11,14449,13107,1342,24,1099,,mm
2020-07-11,15173,14102,1071,20,1389,,mm
2020-08-11,14361,13332,1029,24,1090,,mm
2020-09-11,9230,8632,598,17,905,,mm
2020-10-11,17000,15734,1266,24,750,,mm
2020-11-11,15534,14322,1212,19,1121,,mm
2020-12-11,17250,16105,1145,28,1031,,mm
2020-11-13,15281,14145,1136,26,773,,mm
2020-11-14,14777,13500,1277,18,1026,,mm
2020-11-15,13347,12364,983,25,989,,mm
2020-11-16,14387,13220,1167,22,948,,mm
2020-11-17,18343,16774,1569,26,975,,mm
2020-11-18,21232,19640,1592,25,490,,mm
2020-11-19,17954,16394,1560,26,869,,mm
2020-11-20,16999,15467,1532,19,968,,mm
2020-11-21,18090,16656,1434,27,1078,,mm
2020-11-22,14881,13483,1398,17,1079,,mm
2020-11-23,18212,16953,1259,26,1130,,mm
2020-11-24,21585,19854,1731,19,1077,,mm
2020-11-25,17347,16017,1330,26,2401,,mm
2020-11-26,20118,18479,1639,36,1279,,mm
2020-11-27,18197,16769,1428,19,1327,,mm
2020-11-28,17924,16580,1344,22,1616,,mm
2020-11-29,15220,13711,1509,31,1322,,mm
2020-11-30,15935,14708,1227,23,1246,,mm
2020-01-12,18959,17483,1476,31,1187,,mm
2020-02-12,19680,18269,1411,26,1258,,mm
2020-03-12,22719,21301,1418,30,1147,,mm
2020-04-12,21390,19888,1502,31,1225,,mm
2020-05-12,23300,21773,1527,22,1409,,mm
2020-06-12,18541,17433,1108,29,1254,,mm
2020-07-12,19379,18103,1276,22,1604,,mm
2020-08-12,23348,22040,1308,19,1486,,mm
2020-09-12,20826,19399,1427,23,989,,mm
2020-10-12,22241,20920,1321,27,1098,,mm
2020-11-12,20929,19553,1376,19,1525,,mm
2020-12-12,24099,22747,1352,25,1068,,mm
2020-12-13,18564,17437,1127,23,1389,,mm
2020-12-14,19115,17945,1170,24,1336,,mm
2020-12-15,23874,22719,1155,27,1287,,mm
2020-12-16,23109,21876,1233,27,1035,,mm
2020-12-17,23188,22006,1182,31,1084,,mm
2020-12-18,24501,23385,1116,21,1379,,mm
2020-12-19,22590,21601,989,26,1202,,mm
2020-12-20,20526,19579,947,19,1269,,mm
2020-12-21,21018,20170,848,22,1298,,mm
2020-12-22,23485,22521,964,19,1134,,mm
2020-12-23,23072,22149,923,23,1506,,mm
2020-12-24,21515,20596,919,25,602,,mm
2020-12-25,19543,18785,758,20,1013,,mm
2020-12-26,20143,19409,734,27,1223,,mm
2020-12-27,16607,16001,606,22,1060,,mm
2020-12-28,19108,18460,648,17,1128,,mm
2020-12-29,18098,17479,619,19,928,,mm
2020-12-30,17010,16423,587,27,842,,mm
2020-12-31,24007,23117,890,18,948,,mm
2021-01-01,15735,15323,412,15,708,,mm
2021-02-01,15972,15398,574,14,883,,mm
2021-03-01,17662,16933,729,17,888,,mm
2021-04-01,16990,16400,590,16,652,,mm
2021-05-01,19770,19123,647,22,605,,mm
2021-06-01,17279,16683,596,19,596,,mm
2021-07-01,18953,18359,594,14,647,,mm
2021-08-01,20164,19453,711,13,828,,mm
2021-09-01,19806,19240,566,14,674,,mm
2021-10-01,17343,16788,555,20,499,,mm
2021-11-01,18257,17675,582,12,560,,mm
2021-12-01,21739,21188,551,20,452,,mm
2021-01-13,17827,17304,523,24,560,,mm
2021-01-14,18820,18215,605,10,479,,mm
2021-01-15,22755,22242,513,14,510,,mm
2021-01-16,18005,17514,491,16,471,,mm
2021-01-17,17656,17207,449,13,582,,mm
2021-01-18,18835,18358,477,18,537,,mm
2021-01-19,20694,20246,448,13,457,,mm
2021-01-20,20476,19998,478,11,657,,mm
2021-01-21,19147,18702,445,16,659,,mm
2021-01-22,17699,17274,425,18,570,,mm
2021-01-23,20397,19890,507,14,581,,mm
2021-01-24,18706,18230,476,17,434,,mm
2021-01-25,17924,17541,383,7,558,,mm
2021-01-26,19667,19256,411,13,665,,mm
2021-01-27,16556,16122,434,7,389,,mm
2021-01-28,16358,16008,350,14,386,,mm
2021-01-29,18271,17908,363,12,508,,mm
2021-01-30,16325,15976,349,10,377,,mm
2021-01-31,16279,15998,281,6,631,,mm
2021-01-02,9019,8810,209,7,252,,mm
2021-02-02,12377,12067,310,8,561,,mm
2021-03-02,11196,10933,263,14,499,"data calculated out of total deceased cases announced on Feb 10.
data calculated out of total recovered cases announced on Feb 10.
daily report not released. Figures are from 4 feb report.",mm
2021-04-02,13846,13669,177,3,485,,mm
2021-05-02,11833,11633,200,5,360,,mm
2021-06-02,7081,7016,65,2,314,,mm
2021-07-02,7112,7058,54,5,141,,mm
2021-08-02,1987,1983,04,2,291,,mm
2021-09-02,2928,2907,21,3,462,,mm
2021-10-02,1994,1955,39,1,255,,mm
2021-11-02,2252,2217,35,3,289,,mm
2021-12-02,1384,1363,21,4,306,,mm
2021-02-13,1852,1810,42,0,816,,mm
2021-02-14,702,686,16,1,228,,mm
2021-02-15,887,851,36,1,134,,mm
2021-02-16,1119,1097,22,2,394,,mm
2021-02-17,1489,1458,31,0,85,,mm
2021-02-18,889,870,19,1,227,,mm
2021-02-19,1117,1098,19,1,38,,mm
2021-02-20,879,872,07,2,40,,mm
2021-02-21,959,944,15,0,33,,mm
2021-02-22,686,675,11,1,36,,mm
2021-02-23,1159,1137,22,0,40,,mm
2021-02-24,1112,1079,33,0,47,,mm
2021-02-25,1314,1289,25,1,12,,mm
2021-02-26,1254,1220,34,0,18,,mm
2021-02-27,1110,1095,15,1,19,,mm
2021-02-28,1105,1099,06,0,26,,mm
2021-01-03,836,816,20,0,7,,mm
2021-02-03,1656,1607,49,0,47,,mm
2021-03-03,1628,1609,19,0,5,,mm
2021-04-03,1618,1602,16,1,32,,mm
2021-05-03,2738,2721,17,0,29,,mm
2021-06-03,1799,1793,06,0,58,,mm
2021-07-03,1549,1538,11,0,14,,mm
2021-08-03,1312,1301,11,0,7,,mm
2021-09-03,1637,1623,14,0,23,,mm
2021-10-03,1423,1409,14,0,5,,mm
2021-11-03,1672,1631,41,1,15,,mm
2021-12-03,2426,2418,08,0,6,,mm
2021-03-13,1315,1301,14,0,8,,mm
2021-03-14,1234,1223,11,1,3,,mm
2021-03-15,1201,1186,15,1,5,,mm
2021-03-16,1261,1244,17,0,4,,mm
2021-03-17,1263,1252,11,0,3,,mm
2021-03-18,1300,1278,22,1,3,,mm
2021-03-19,1479,1464,15,0,5,,mm
2021-03-20,1408,1395,13,0,4,,mm
2021-03-21,1070,1064,06,0,0,,mm
2021-03-22,2316,2298,18,0,2,,mm
2021-03-23,1970,1942,28,0,7,,mm
2021-03-24,2039,2016,23,0,2,,mm
2021-03-25,1643,1618,25,1,7,,mm
2021-03-26,1052,1033,19,1,5,,mm
2021-03-27,2009,1991,18,0,2,,mm
2021-03-28,998,990,08,0,1,,mm
2021-03-29,1109,1101,08,0,1,,mm
2021-03-30,1497,1478,19,0,3,,mm
2021-03-31,1157,1135,22,0,7,,mm
2021-01-04,1342,1310,32,0,2,,mm
2021-02-04,998,985,13,0,8,,mm
2021-03-04,1164,1146,18,0,3,,mm
2021-04-04,2394,2380,14,0,2,,mm
2021-05-04,1019,1000,19,0,4,,mm
2021-06-04,1078,1067,11,0,10,,mm
2021-07-04,1613,1605,08,0,5,,mm
2021-08-04,1755,1746,09,0,11,,mm
2021-09-04,1978,1964,14,0,1,,mm
2021-10-04,1493,1489,04,0,7,,mm
2021-11-04,1184,1173,11,0,3,,mm
2021-12-04,1050,1041,09,0,13,,mm
2021-04-13,692,683,09,0,5,,mm
2021-04-14,1053,1048,05,0,5,,mm
2021-04-15,667,660,07,0,5,,mm
2021-04-16,511,509,02,0,5,,mm
2021-04-17,459,450,09,0,6,,mm
2021-04-18,541,539,02,0,4,,mm
2021-04-19,648,634,14,0,4,,mm
2021-04-20,924,907,17,0,5,,mm
2021-04-21,1103,1090,13,0,6,,mm
2021-04-22,1590,1577,13,0,7,,mm
2021-04-23,1507,1490,17,0,4,,mm
2021-04-24,1057,1049,08,0,5,,mm
2021-04-25,1230,1220,10,1,2,,mm
2021-04-26,1517,1499,18,0,13,,mm
2021-04-27,2446,2408,38,1,6,,mm
2021-04-28,1753,1741,12,1,4,,mm
2021-04-29,1781,1771,10,0,3,,mm
2021-04-30,1534,1517,17,0,8,,mm
2021-01-05,1596,1582,14,0,6,,mm
2021-02-05,1524,1517,07,0,9,,mm
2021-03-05,1674,1670,04,0,8,,mm
2021-04-05,2056,2040,16,0,8,,mm
2021-05-05,1848,1832,16,1,2,,mm
2021-06-05,1542,1513,29,0,1,,mm
2021-07-05,954,923,31,0,4,,mm
2021-08-05,1379,1366,13,0,9,,mm
2021-09-05,1448,1441,07,0,10,,mm
2021-10-05,1577,1568,09,0,22,,mm
2021-11-05,1983,1972,11,0,5,,mm
2021-12-05,1471,1448,23,1,14,,mm
2021-05-13,2019,2012,07,1,5,,mm
2021-05-14,2219,2188,31,0,3,,mm
2021-05-15,1260,1236,24,0,28,,mm
2021-05-16,913,907,06,0,15,,mm
2021-05-17,1254,1222,32,1,8,,mm
2021-05-18,1973,1939,34,0,12,,mm
2021-05-19,1377,1349,28,3,1,,mm
2021-05-20,1084,1060,24,0,12,,mm
2021-05-21,1377,1349,28,0,21,,mm
2021-05-22,1234,1217,17,0,8,,mm
2021-05-23,678,672,06,0,17,,mm
2021-05-24,879,851,28,0,24,,mm
2021-05-25,1923,1889,34,0,11,,mm
2021-05-26,1129,1107,22,0,35,,mm
2021-05-27,1788,1692,96,0,5,,mm
2021-05-28,1230,1158,72,0,10,,mm
2021-05-29,1034,994,40,0,18,,mm
2021-05-30,912,867,45,0,21,,mm
2021-05-31,1771,1713,58,1,1,,mm
2021-01-06,2016,1894,122,0,41,,mm
2021-02-06,1591,1519,72,1,28,,mm
2021-03-06,1448,1326,122,3,20,,mm
2021-04-06,1778,1566,212,0,7,,mm
2021-05-06,1484,1388,96,2,34,,mm
2021-06-06,1077,1013,64,2,3,,mm
2021-07-06,2216,2077,139,2,73,,mm
2021-08-06,2022,1899,123,1,90,,mm
2021-09-06,1746,1610,136,5,40,,mm
2021-10-06,2347,2186,161,4,35,,mm
2021-11-06,2781,2593,188,2,75,,mm
2021-12-06,3413,3247,166,2,65,,mm
2021-06-13,2902,2529,373,3,98,,mm
2021-06-14,2819,2596,223,4,41,,mm
2021-06-15,3199,2974,225,0,135,,mm
2021-06-16,3556,3201,355,2,112,,mm
2021-06-17,4176,3814,362,0,130,,mm
2021-06-18,4443,4142,301,1,106,,mm
2021-06-19,4844,4298,546,7,75,,mm
2021-06-20,3431,3024,407,4,79,,mm
2021-06-21,4964,4369,595,3,147,,mm
2021-06-22,5090,4460,630,2,140,,mm
2021-06-23,5036,4356,680,2,200,,mm
2021-06-24,5754,4967,787,6,496,,mm
2021-06-25,5854,4995,859,7,190,,mm
2021-06-26,5555,4772,783,8,271,,mm
2021-06-27,4629,3825,804,7,363,,mm
2021-06-28,6586,5361,1225,12,290,,mm
2021-06-29,8232,6920,1312,11,289,,mm
2021-06-30,7924,6344,1580,14,451,,mm
2021-01-07,9457,7387,2070,13,549,,mm
2021-02-07,9416,7553,1863,17,423,,mm
2021-03-07,9054,7177,1877,20,611,,mm
2021-04-07,10378,8060,2318,35,689,,mm
2021-05-07,11024,8055,2969,42,758,,mm
2021-06-07,12832,9230,3602,52,914,,mm
2021-07-07,14678,10731,3947,57,868,,mm
2021-08-07,14927,10795,4132,51,1054,,mm
2021-09-07,15747,11427,4320,64,1151,,mm
2021-10-07,15128,10751,4377,71,1349,,mm
2021-11-07,10117,6656,3461,82,1549,,mm
2021-12-07,13432,8418,5014,89,1702,,mm
2021-07-13,11686,7639,4047,109,1707,,mm
2021-07-14,21352,14269,7083,145,1675,,mm
2021-07-15,11044,6856,4188,165,2167,,mm
2021-07-16,18134,11940,6194,190,2350,,mm
2021-07-17,14052,8555,5497,233,3010,,mm
2021-07-18,14492,9207,5285,231,2890,,mm
2021-07-19,13916,8727,5189,281,2811,,mm
2021-07-20,15911,10051,5860,286,2501,,mm
2021-07-21,16590,10497,6093,247,3608,,mm
2021-07-22,17253,10552,6701,319,3147,,mm
2021-07-23,13487,7981,5506,326,3095,,mm
2021-07-24,15359,9702,5657,297,4228,,mm
2021-07-25,"12,474",7476,4998,355,"4,153",,mm
2021-07-26,"12,035",7405,4630,396,"4,327",,mm
2021-07-27,"13,657",8693,4964,338,"4,681",,mm
2021-07-28,13763,8783,4980,365,3584,,mm
2021-07-29,15060,9826,5234,342,4241,,mm
2021-07-30,14135,9008,5127,390,3442,,mm
2021-07-31,13799,9074,4725,392,3835,,mm
2021-01-08,"10,020",6540,3480,397,"3,715",,mm
2021-02-08,"12,394",8705,3689,330,"3,915",,mm
2021-03-08,"14,257",9544,4713,312,"3,745",,mm
2021-04-08,"13,474",9423,4051,322,"4,962",,mm
2021-05-08,"14,284",10152,4132,293,"4,459",,mm
2021-06-08,"11,935",8347,3588,274,"4,146",,mm
2021-07-08,"12,511",8860,3651,264,"4,293",,mm
2021-08-08,"9,269",6242,3027,250,"4,984",,mm
2021-09-08,"12,191",8580,3611,238,"5,902",,mm
2021-10-08,14457,10023,4434,220,3680,,mm
2021-11-08,13767,10028,3739,218,3358,,mm
2021-12-08,12801,9371,3430,215,3354,,mm
2021-08-13,13021,9565,3456,212,3147,,mm
2021-08-14,13034,9615,3419,199,4568,,mm
2021-08-15,10105,7431,2674,185,3488,,mm
2021-08-16,11247,8541,2706,182,4288,,mm
2021-08-17,13422,10116,3306,178,3972,,mm
2021-08-18,11945,9067,2878,163,3393,,mm
2021-08-19,11546,8956,2590,159,3894,,mm
2021-08-20,11238,8229,3009,151,4048,,mm
2021-08-21,10855,8111,2744,140,4515,,mm
2021-08-22,8991,6818,2173,138,3537,,mm
2021-08-23,9130,6944,2186,125,3572,,mm
2021-08-24,11940,9434,2506,123,3397,,mm
2021-08-25,11866,9364,2502,115,3188,,mm
2021-08-26,12249,9614,2635,113,2920,,mm
2021-08-27,13605,10917,2688,118,2676,MOH made adjustments to the data,mm
2021-08-28,18189,15257,2932,109,2844,,mm
2021-08-29,29127,25961,3166,106,2740,,mm
2021-08-30,42497,38914,3583,104,2744,,mm
2021-08-31,39289,35890,3399,102,2690,,mm
2021-01-09,39461,36103,3358,101,2439,,mm
2021-02-09,35248,31789,3459,110,1953,,mm
2021-03-09,33361,29951,3410,93,2310,,mm
2021-04-09,31973,28895,3078,102,2420,,mm
2021-05-09,27042,24213,2829,96,2462,,mm
2021-06-09,25035,22480,2555,94,2649,,mm
2021-07-09,25115,22684,2431,97,2461,,mm
2021-08-09,25398,22696,2702,91,2533,,mm
2021-09-09,25622,23312,2310,92,2310,,mm
2021-10-09,24818,22716,2102,88,2594,,mm
2021-11-09,26196,23832,2364,98,2452,,mm
2021-12-09,21230,19277,1953,79,2209,,mm
2021-09-13,23424,21151,2273,87,2966,,mm
2021-09-14,24822,22401,2421,76,2430,,mm
2021-09-15,24364,21940,2424,91,2726,,mm
2021-09-16,20470,18680,1790,85,2672,,mm
2021-09-17,22800,20613,2187,75,2191,,mm
2021-09-18,21036,19093,1943,72,2396,,mm
2021-09-19,18836,17134,1702,57,2365,,mm
2021-09-20,17309,15724,1585,56,1948,,mm
2021-09-21,20588,18901,1687,73,2152,,mm
2021-09-22,20178,18360,1818,64,2159,,mm
2021-09-23,19775,18031,1744,77,1696,,mm
2021-09-24,18463,16796,1667,70,2117,,mm
2021-09-25,18133,16587,1546,52,1741,,mm
2021-09-27,17725,16443,1282,56,1866,,mm
2021-09-28,19886,18256,1630,48,1555,,mm
2021-09-29,18702,17160,1542,51,1551,,mm
2021-09-30,18304,16836,1468,53,1402,,mm
2021-01-10,23585,21739,1846,54,1513,,mm
2021-02-10,20191,18844,1347,46,1423,,mm
2021-03-10,14390,13196,1194,48,1490,,mm
2021-04-10,17163,15844,1319,38,1442,,mm
2021-05-10,18135,16609,1526,36,1250,,mm
2021-06-10,20390,18673,1717,41,1292,,mm
2021-07-10,18727,17333,1394,36,1202,,mm
2021-08-10,18762,17296,1466,34,1239,,mm
2021-09-10,19631,18183,1448,36,992,,mm
2021-10-10,15269,13951,1318,30,1103,,mm
2021-11-10,16471,15274,1197,28,1182,,mm
2021-12-10,17998,16616,1382,26,1623,,mm
2021-10-13,18861,17288,1573,34,1281,,mm
2021-10-14,18692,17178,1514,33,1279,,mm
2021-10-15,17558,16229,1329,42,1215,,mm
2021-10-16,17825,16620,1205,32,1291,,mm
2021-10-17,13680,12678,1002,30,1113,,mm
2021-10-18,16453,15431,1022,29,1112,,mm
2021-10-19,19624,18491,1133,28,1239,,mm
2021-10-20,12853,11960,893,28,1109,,mm
2021-10-21,13805,13122,683,21,1021,,mm
2021-10-22,12863,11938,925,26,1008,,mm
2021-10-23,19824,18757,1067,20,1428,,mm
2021-10-24,14213,13526,687,27,1605,,mm
2021-10-25,17294,16583,711,22,1689,,mm
2021-10-26,19145,18221,924,22,1754,,mm
2021-10-27,20594,19591,1003,21,1659,,mm
2021-10-28,18884,18085,799,19,1466,,mm
2021-10-29,20248,19343,905,22,1605,,mm
2021-10-30,18728,18012,716,20,1363,,mm
2021-10-31,17084,16332,752,33,1372,,mm
2021-01-11,19217,18340,877,17,1529,,mm
2021-02-11,25002,23928,1074,14,1575,,mm
2021-03-11,28739,27784,955,16,1571,,mm
2021-04-11,22731,21729,1002,2,1539,,mm
2021-05-11,22715,21658,1057,17,1547,,mm
2021-06-11,22851,21891,960,21,1445,,mm
2021-07-11,23065,22247,818,17,1338,,mm
2021-08-11,"26,181",25182,999,18,"1,189",,mm
2021-09-11,"24,781",24005,776,16,798,,mm
2021-10-11,"28,819",27639,1180,14,941,,mm
2021-11-11,"24,205",23251,954,13,846,,mm
2021-12-11,"26,198",25206,992,17,870,,mm
2021-11-13,"25,928",25097,831,14,653,,mm
2021-11-14,"23,042",22328,714,16,810,,mm
2021-11-15,"23,283",22583,700,17,652,,mm
2021-11-16,"26,271",25517,754,17,1134,,mm
2021-11-17,"24,290",23447,843,12,1019,,mm
2021-11-18,"19,985",19398,587,14,1108,,mm
2021-11-19,"22,162",21538,624,11,887,,mm
2021-11-20,"24,855",24230,625,11,875,,mm
2021-11-21,"20,699",20172,527,14,898,,mm
2021-11-22,"23,990",23441,549,9,868,,mm
2021-11-23,"26,839",26208,631,7,777,,mm
2021-11-24,"26,597",25968,629,8,841,,mm
2021-11-25,"25,815",25333,482,9,708,,mm
2021-11-26,"23,498",23005,493,9,641,,mm
2021-11-27,"24,548",24043,505,12,660,,mm
2021-11-28,"18,877",18527,350,9,673,,mm
2021-11-29,"20,027",19657,370,9,579,,mm
2021-11-30,"21,907",21436,471,7,589,,mm
2021-01-12,"21,839",21416,423,7,801,,mm
2021-02-12,"21,188",20667,521,9,698,,mm
2021-03-12,"19,332",18930,402,7,516,,mm
2021-04-12,"19,500",19126,374,8,536,,mm
2021-05-12,"15,550",15265,285,6,504,,mm
2021-06-12,"16,884",16653,231,5,397,,mm
2021-07-12,"17,726",17359,367,6,488,,mm
2021-08-12,"18,972",18574,398,5,331,,mm
2021-09-12,"15,473",15126,347,5,430,,mm
2021-10-12,"16,605",16331,274,8,375,,mm
2021-11-12,"15,512",15155,357,7,341,,mm
2021-12-12,"11,537",11257,280,6,441,,mm
2021-12-13,"15,200",14950,250,5,326,,mm
2021-12-14,"16,155",15792,363,5,357,,mm
2021-12-15,"17,200",16971,229,4,388,,mm
2021-12-16,"15,418",15207,211,4,304,,mm
2021-12-17,"14,708",14491,217,7,374,,mm
2021-12-18,"13,687",13517,170,5,247,,mm
2021-12-19,"11,476",11324,152,7,292,,mm
2021-12-20,"11,519",11392,127,6,366,,mm
2021-12-21,"14,423",14164,259,4,335,,mm
2021-12-22,"13,577",13378,199,5,210,,mm
2021-12-23,"13,407",13131,276,7,208,,mm
2021-12-24,"12,127",11914,213,6,250,,mm
2021-12-25,"10,900",10724,176,3,271,,mm
2021-12-26,"7,552",7442,110,3,175,,mm
2021-12-27,"11,207",11007,200,3,225,,mm
2021-12-28,"12,842",12655,187,3,151,,mm
2021-12-29,"13,051",12775,276,2,220,,mm
2021-12-30,"11,461",11092,369,3,247,,mm
2021-12-31,"10,714",10525,189,3,179,,mm
2022-01-01,"8,315",8203,112,4,255,,mm
2022-02-01,"6,907",6828,79,2,209,,mm
2022-03-01,"9,618",9488,130,3,230,,mm
2022-04-01,"10,957",10813,144,1,256,,mm
2022-05-01,"11,185",11052,133,4,227,,mm
2022-06-01,"11,012",10820,192,2,191,,mm
2022-07-01,"13,999",13822,177,4,157,,mm
2022-08-01,"10,311",10187,124,2,193,,mm
2022-09-01,"8,822",8685,137,1,178,,mm
2022-10-01,"8,832",8727,105,2,149,,mm
2022-11-01,"12,542",12307,235,2,195,,mm
2022-12-01,"11,529",11378,151,2,334,,mm
2022-01-13,"10,823",10651,172,1,77,,mm
2022-01-14,"9,708",9582,126,1,103,,mm
2022-01-15,"11,079",10909,170,2,108,,mm
2022-01-16,"7,703",7580,123,1,117,,mm
2022-01-17,"8,885",8784,101,2,122,,mm
2022-01-18,"10,824",10661,163,1,150,,mm
2022-01-19,"10,858",10662,196,1,147,,mm
2022-01-20,"10,104",9976,128,1,168,,mm
2022-01-21,"10,092",10009,83,1,138,,mm
2022-01-22,"11,673",11529,144,1,127,,mm
2022-01-23,"7,757",7645,112,1,138,,mm
2022-01-24,"8,875",8783,92,0,130,,mm
2022-01-25,"11,236",11016,220,0,140,,mm
2022-01-26,"10,291",10171,120,0,110,,mm
2022-01-27,"11,918",11750,168,0,161,,mm
2022-01-28,"10,773",10536,237,0,158,,mm
2022-01-29,"8,785",8613,172,0,201,,mm
2022-01-30,"9,285",9111,174,0,92,,mm
2022-01-31,"8,290",8012,278,0,80,,mm
2022-01-02,"39,983",39122,861,0,143,,mm
2022-02-02,"26,826",26683,143,0,141,,mm
2022-03-02,"25,452",25084,368,0,105,,mm
2022-04-02,"23,825",23506,319,0,117,,mm
2022-05-02,"27,444",27098,346,0,173,,mm
2022-06-02,"24,333",24001,332,0,124,,mm
2022-07-02,"24,836",24328,508,0,147,,mm
2022-08-02,"25,156",24011,1145,0,211,,mm
2022-09-02,"23,738",22695,1043,0,173,,mm
2022-10-02,"24,311",23004,1307,0,226,,mm
2022-11-02,"24,707",23100,1607,0,983,,mm
2022-12-02,"24,725",22938,1787,0,1066,,mm
2022-02-13,"20,850",19377,1473,0,648,,mm
2022-02-14,"23,874",22288,1586,1,546,,mm
2022-02-15,"30,770",28303,2467,3,808,,mm
2022-02-16,"30,497",27757,2740,4,1208,,mm
2022-02-17,"31,824",29132,2692,1,712,,mm
2022-02-18,"32,872",29814,3058,3,805,,mm
2022-02-19,"30,406",27356,3050,5,791,,mm
2022-02-20,"37,436",34133,3303,4,1230,,mm
2022-02-21,"28,480",25583,2897,7,1250,,mm
2022-02-22,"33,087",29524,3563,6,1458,,mm
2022-02-23,"31,330",27949,3381,5,1029,,mm
2022-02-24,"28,486",25548,2938,4,1350,,mm
2022-02-25,"27,158",23767,3391,3,2130,,mm
2022-02-26,"23,701",21299,2402,4,1355,,mm
2022-02-27,"20,727",18768,1959,5,1193,,mm
2022-02-28,"20,358",18665,1693,3,1379,,mm
2022-01-03,"22,732",20386,2346,4,1703,,mm
2022-02-03,"22,204",20302,1902,3,3764,,mm
2022-03-03,"21,571",19752,1819,4,1407,,mm
2022-04-03,"25,564",23700,1864,4,2408,,mm
2022-05-03,"24,838",23242,1596,3,1809,,mm
2022-06-03,"16,588",15559,1029,3,1579,,mm
2022-07-03,"20,024",18851,1173,2,1709,,mm
2022-08-03,"20,143",18742,1401,3,1729,,mm
2022-09-03,"21,178",19877,1301,4,1734,,mm
2022-10-03,"19,724",18782,942,3,1275,,mm
2022-11-03,"19,373",18417,956,2,1399,,mm
2022-12-03,"15,528",14887,641,3,1356,,mm
2022-03-13,"14,220",13733,487,3,1164,,mm
2022-03-14,"19,373",18417,956,2,1399,,mm
2022-03-15,"23,500",22817,683,3,937,,mm
2022-03-16,"14,895",14406,489,3,1214,,mm
2022-03-17,"18,155",17710,445,1,780,,mm
2022-03-18,"17,763",17223,540,2,1238,,mm
2022-03-19,"15,911",15532,379,3,841,,mm
2022-03-20,"11,481",11254,227,2,914,,mm
2022-03-21,"16,315",16017,298,0,496,,mm
2022-03-22,"14,958",14598,360,2,657,,mm
2022-03-23,"16,842",16575,267,1,562,,mm
2022-03-24,"12,244",11983,261,0,463,,mm
2022-03-25,"16,042",15725,317,0,484,,mm
2022-03-26,"11,300",11065,235,1,623,,mm
2022-03-27,"10,099",9969,130,1,404,,mm
2022-03-28,"16,011",15848,163,0,469,,mm
2022-03-29,"13,459",13205,254,0,460,,mm
2022-03-30,"15,698",15525,173,0,331,,mm
2022-03-31,"13,046",12907,139,0,311,,mm
2022-01-04,"12,563",12476,87,1,320,,mm
2022-02-04,"13,017",12882,135,1,210,,mm
2022-03-04,"11,512",11446,66,1,149,,mm
2022-04-04,"11,345",11294,51,0,201,,mm
2022-05-04,"13,814",13756,58,0,166,,mm
2022-06-04,"13,418",13323,95,1,106,,mm
2022-07-04,"14,246",14193,53,0,90,,mm
2022-08-04,"14,948",14856,92,0,112,,mm
2022-09-04,"12,813",12759,54,0,143,,mm
2022-10-04,"7,820",7757,63,0,80,,mm
2022-11-04,"9,149",9107,42,0,84,,mm
2022-12-04,"7,252",7229,23,0,56,,mm
2022-04-13,"7,254",7200,54,0,110,,mm
2022-04-14,"5,866",5846,20,0,53,,mm
2022-04-15,"4,776",4729,47,0,72,,mm
2022-04-16,"6,773",6755,18,0,40,,mm
2022-04-17,"5,407",5387,20,0,43,,mm
2022-04-18,"10,042",10005,37,0,26,,mm
2022-04-19,"10,345",10289,56,0,134,,mm
2022-04-20,"9,274",9255,19,0,15,,mm
2022-04-21,"12,651",12631,20,0,22,,mm
2022-04-22,"11,549",11532,17,0,39,,mm
2022-04-23,"8,706",8687,19,0,26,,mm
2022-04-24,"7,677",7661,16,0,24,,mm
2022-04-25,"8,922",8901,21,0,33,,mm
2022-04-26,"8,284",8269,15,0,49,,mm
2022-04-27,"8,761",8744,17,0,25,,mm
2022-04-28,"11,105",11064,41,0,14,,mm
2022-04-29,"10,573",10552,21,0,40,,mm
2022-04-30,"8,540",8521,19,0,18,,mm
2022-01-05,"7,774",7757,17,0,14,,mm
2022-02-05,"7,695",7681,14,0,21,,mm
2022-03-05,"7,856",7846,10,0,32,,mm
2022-04-05,"11,344",11317,27,0,15,,mm
2022-05-05,"8,761",8747,14,0,8,,mm
2022-06-05,"10,900",10848,52,0,26,,mm
2022-07-05,"7,580",7548,32,0,19,,mm
2022-08-05,"8,135",8131,04,0,17,,mm
2022-09-05,"8,418",8415,03,0,17,,mm
2022-10-05,"7,350",7340,10,0,6,,mm
2022-11-05,"9,103",9087,16,0,14,,mm
2022-12-05,"8,506",8500,06,0,11,,mm
2022-05-13,"9,848",9820,28,0,61,,mm
2022-05-14,"8,514",8494,20,0,8,,mm
2022-05-15,"6,603",6599,04,0,8,,mm
2022-05-16,"9,155",9151,04,0,10,,mm
2022-05-17,"8,087",8063,24,0,24,,mm
2022-05-18,"9,645",9631,14,0,7,,mm
2022-05-19,"6,569",6565,04,0,29,,mm
2022-05-20,"8,794",8777,17,0,7,,mm
2022-05-21,"7,048",7032,16,0,8,,mm
2022-05-22,"6,064",6061,03,0,12,,mm
2022-05-23,"8,831",8826,05,0,3,,mm
2022-05-24,"6,553",6542,11,0,32,,mm
2022-05-25,"7,344",7326,18,0,8,,mm
2022-05-26,"6,624",6620,04,0,15,,mm
2022-05-27,"8,921",8901,20,0,17,,mm
2022-05-28,"7,417",7399,18,0,3,,mm
2022-05-29,"6,651",6634,17,0,7,,mm
2022-05-30,"7,029",7018,11,0,5,,mm
2022-05-31,"7,339",7329,10,0,27,,mm
2022-01-06,"7,322",7310,12,0,5,,mm
2022-02-06,"6,309",6302,07,0,4,,mm
2022-03-06,"5,634",5619,15,0,10,,mm
2022-04-06,"5,964",5953,11,0,5,,mm
2022-05-06,"4,644",4643,01,0,19,,mm
2022-06-06,"6,961",6956,05,0,4,,mm
2022-07-06,"5,447",5437,10,0,35,,mm
2022-08-06,"5,489",5481,08,0,2,,mm
2022-09-06,"5,514",5504,10,0,7,,mm
2022-10-06,"5,872",5860,12,0,7,,mm
2022-11-06,"6,656",6643,13,0,22,,mm
2022-12-06,"5,517",5514,03,0,1,,mm
2022-06-13,"7,372",7363,09,0,8,,mm
2022-06-14,"6,413",6405,08,0,7,,mm
2022-06-15,"5,823",5819,04,0,27,,mm
2022-06-16,"5,273",5270,03,0,6,,mm
2022-06-17,"5,438",5431,07,0,8,,mm
2022-06-18,"5,894",5883,11,0,7,,mm
2022-06-19,"4,160",4155,05,0,5,,mm
2022-06-20,"5,141",5137,04,0,6,,mm
2022-06-21,"5,033",5019,14,0,5,,mm
2022-06-22,"4,764",4751,13,0,12,,mm
2022-06-23,"5,542",5531,11,0,1,,mm
2022-06-24,"4,384",4378,06,0,8,,mm
2022-06-25,"5,035",5020,15,0,4,,mm
2022-06-26,"3,610",3607,03,0,2,,mm
2022-06-27,"4,922",4910,12,0,2,,mm
2022-06-28,"6,115",6106,09,0,4,,mm
2022-06-29,"5,442",5436,06,0,3,,mm
2022-06-30,"5,559",5546,13,0,22,,mm
2022-01-07,"4,767",4735,32,0,7,,mm
2022-02-07,"5,243",5229,14,0,6,,mm
2022-03-07,"4,033",4027,06,0,15,,mm
2022-04-07,"4,447",4436,11,0,1,,mm
2022-05-07,"5,052",5039,13,0,3,,mm
2022-06-07,"5,456",5445,11,0,13,,mm
2022-07-07,"4,966",4954,12,0,3,,mm
2022-08-07,"4,881",4865,16,0,11,,mm
2022-09-07,"4,778",4762,16,0,17,,mm
2022-10-07,"4,356",4347,09,0,8,,mm
2022-11-07,"5,719",5704,15,0,10,,mm
2022-12-07,"4,571",4562,09,0,16,,mm
2022-07-13,"6,283",6270,13,0,8,,mm
2022-07-14,"5,207",5196,11,0,21,,mm
2022-07-15,"4,846",4832,14,0,12,,mm
2022-07-16,"5,363",5352,11,0,12,,mm
2022-07-17,"4,507",4500,07,0,12,,mm
2022-07-18,"6,175",6153,22,0,8,,mm
2022-07-19,"5,126",5109,17,0,10,,mm
2022-07-20,"5,102",5086,16,0,12,,mm
2022-07-21,"6,379",6363,16,0,8,,mm
2022-07-22,"4,971",4961,10,0,3,,mm
2022-07-23,"5,461",5418,43,0,12,,mm
2022-07-24,"3,907",3896,11,0,20,,mm
2022-07-25,"6,336",6321,15,0,14,,mm
2022-07-26,"5,458",5444,14,0,13,,mm
2022-07-27,"5,762",5751,11,0,12,,mm
2022-07-28,"6,198",6180,18,0,17,,mm
2022-07-29,"7,432",7398,34,0,6,,mm
2022-07-30,"6,279",6239,40,0,10,,mm
2022-07-31,4207,4198,09,0,17,,mm
2022-01-08,"6,535",6514,21,0,12,,mm
2022-02-08,"5,289",5274,15,0,12,,mm
2022-03-08,"5,595",5577,18,0,5,,mm
2022-04-08,"6,304",6292,12,0,16,,mm
2022-05-08,"6,174",6162,12,0,27,,mm
2022-06-08,"6,131",6111,20,0,15,,mm
2022-07-08,"4,168",4160,08,0,13,,mm
2022-08-08,6304,6289,15,0,20,,mm
2022-09-08,"6,565",6538,27,0,18,,mm
2022-10-08,"6,000",5964,36,0,13,,mm
2022-11-08,"6,070",6049,21,0,6,,mm
2022-12-08,"5,674",5636,38,1,26,,mm
2022-08-13,"6,130",6105,25,0,8,,mm
2022-08-14,"4,953",4924,29,0,4,,mm
2022-08-15,"7,097",7079,18,0,6,,mm
2022-08-16,"8,699",8650,49,1,19,,mm
2022-08-17,"6,833",6779,54,1,27,,mm
2022-08-18,"6,935",6904,31,0,24,,mm
2022-08-19,"6,322",6290,32,0,16,,mm
2022-08-20,"7,515",7467,48,0,30,,mm
2022-08-21,"5,899",5866,33,0,16,,mm
2022-08-22,"8,186",8144,42,0,23,,mm
2022-08-23,"8,502",8450,52,0,61,,mm
2022-08-24,"8,060",7997,63,0,40,,mm
2022-08-25,"7,461",7428,33,0,10,,mm
2022-08-26,"7,267",7223,44,0,24,,mm
2022-08-27,"6,993",6952,41,0,40,,mm
2022-08-28,"5,708",5675,33,0,46,,mm
2022-08-29,"7,918",7850,68,0,20,,mm
2022-08-30,"8,902",8815,87,0,72,,mm
2022-08-31,"9,353",9249,104,1,48,,mm
2022-01-09,"8,439",8345,94,1,37,,mm
2022-02-09,"8,951",8867,84,0,38,,mm
2022-03-09,"8,323",8233,90,0,55,,mm
2022-04-09,"6,464",6394,70,1,49,,mm
2022-05-09,"7,884",7789,95,1,22,,mm
2022-06-09,"9,432",9286,146,1,32,,mm
2022-07-09,"9,808",9585,223,0,135,,mm
2022-08-09,"9,480",9293,187,0,88,,mm
2022-09-09,"9,846",9655,191,0,57,,mm
2022-10-09,"10,804",10542,262,0,95,,mm
2022-11-09,"9,378",9189,189,0,57,,mm
2022-12-09,"11,306",11102,204,0,59,,mm
2022-09-13,"11,191",10892,299,1,124,,mm
2022-09-14,"12,120",11736,384,1,89,,mm
2022-09-15,"11,830",11571,259,0,169,,mm
2022-09-16,"11,825",11520,305,0,263,,mm
2022-09-17,"12,433",12072,361,0,182,,mm
2022-09-18,"9,533",9299,234,2,219,,mm
2022-09-19,"10,243",9974,269,2,236,,mm
2022-09-20,"12,102",11703,399,2,227,,mm
2022-09-21,"13,197",12728,469,1,257,,mm
2022-09-22,"12,236",11827,409,1,175,,mm
2022-09-23,"11,495",11195,300,1,226,,mm
2022-09-24,"12,665",12285,380,2,152,,mm
2022-09-25,"12,064",11786,278,0,289,,mm
2022-09-26,"10,325",10041,284,0,235,,mm
2022-09-27,"12,903",12547,356,0,239,,mm
2022-09-28,"12,011",11630,381,2,250,,mm
2022-09-29,"12,706",12327,379,1,227,,mm
2022-09-30,"11,608",11244,364,1,228,,mm
2022-01-10,"13,405",12932,473,0,185,,mm
2022-02-10,"10,192",9917,275,0,195,,mm
2022-03-10,13136,12758,378,0,215,,mm
2022-04-10,"12,198",11808,390,2,273,,mm
2022-05-10,"12,479",12014,465,0,254,,mm
2022-06-10,"12,432",12082,350,1,349,,mm
2022-07-10,"12,201",11825,376,2,291,,mm
2022-08-10,"13,244",12855,389,1,222,,mm
2022-09-10,"8,501",8305,196,0,156,,mm
2022-10-10,"10,215",9983,232,0,145,,mm
2022-11-10,"11,018",10726,292,0,488,,mm
2022-12-10,"11,350",11004,346,1,250,,mm
2022-10-13,"10,945",10635,310,1,297,,mm
2022-10-14,"11,271",10912,359,1,506,,mm
2022-10-15,"9,598",9273,325,0,207,,mm
2022-10-16,"10,705",10450,255,0,228,,mm
2022-10-17,"10,981",10697,284,1,220,,mm
2022-10-18,"13,638",13123,515,0,260,,mm
2022-10-19,"13,263",12986,277,1,246,,mm
2022-10-20,"12,462",12189,273,0,274,,mm
2022-10-21,"11,051",10794,257,1,230,,mm
2022-10-22,"11,217",10955,262,2,303,,mm
2022-10-23,"8,553",8395,158,1,251,,mm
2022-10-24,"8,920",8781,139,1,182,,mm
2022-10-25,"10,171",10011,160,1,209,,mm
2022-10-26,"10,724",10567,157,2,232,,mm
2022-10-27,"10,198",10022,176,0,210,,mm
2022-10-28,"10,059",9927,132,1,198,,mm
2022-10-29,"11,851",11684,167,0,121,,mm
2022-10-30,"8,577",8486,91,1,127,,mm
